{"cameraMode":{"drawMode":0,"name":"Shaded","section":"Shading Mode"},"sceneLighting":true,"audioPlay":false,"sceneViewState":{"m_AlwaysRefresh":false,"showFog":true,"showSkybox":true,"showFlares":true,"showImageEffects":true,"showParticleSystems":true,"showVisualEffectGraphs":true,"m_FxEnabled":true},"in2DMode":false,"pivot":{"x":8.241270065307618,"y":2.4557769298553469,"z":8.798529624938965},"rotation":{"x":0.1910255253314972,"y":0.24603652954101563,"z":-0.04840141534805298,"w":0.9492804408073425},"size":14.429240226745606,"orthographic":false}