{"cameraMode":{"drawMode":0,"name":"Shaded","section":"Shading Mode"},"sceneLighting":true,"audioPlay":false,"sceneViewState":{"m_AlwaysRefresh":false,"showFog":true,"showSkybox":true,"showFlares":true,"showImageEffects":true,"showParticleSystems":true,"showVisualEffectGraphs":true,"m_FxEnabled":true},"in2DMode":false,"pivot":{"x":5.373286247253418,"y":-1.5548439025878907,"z":-10.158546447753907},"rotation":{"x":-0.012771522626280785,"y":0.9270768761634827,"z":-0.37331056594848635,"w":-0.03171749413013458},"size":13.365533828735352,"orthographic":false}