{"cameraMode":{"drawMode":0,"name":"Shaded","section":"Shading Mode"},"sceneLighting":true,"audioPlay":false,"sceneViewState":{"m_AlwaysRefresh":false,"showFog":true,"showSkybox":true,"showFlares":true,"showImageEffects":true,"showParticleSystems":true,"showVisualEffectGraphs":true,"m_FxEnabled":true},"in2DMode":false,"pivot":{"x":0.13641886413097382,"y":3.481025218963623,"z":-9.335688591003418},"rotation":{"x":-0.01830741949379444,"y":-0.01140095479786396,"z":0.00020887743448838592,"w":-0.9997680187225342},"size":23.718372344970704,"orthographic":false}