{"cameraMode":{"drawMode":0,"name":"Shaded","section":"Shading Mode"},"sceneLighting":true,"audioPlay":false,"sceneViewState":{"m_AlwaysRefresh":false,"showFog":true,"showSkybox":true,"showFlares":true,"showImageEffects":true,"showParticleSystems":true,"showVisualEffectGraphs":true,"m_FxEnabled":true},"in2DMode":false,"pivot":{"x":-10.070147514343262,"y":-0.8682019710540772,"z":0.16298961639404298},"rotation":{"x":-0.07188165932893753,"y":0.8147169947624207,"z":-0.10345447808504105,"w":-0.5660301446914673},"size":6.90739631652832,"orthographic":false}